CO2,LCOS,mu_CO2
176.52249242118893,36.574164480880796,-0.0
0.0,0.0,0.0
0.0,0.0,0.0
0.0,0.0,0.0
0.0,0.0,0.0
