CO2,LCOS,mu_CO2
0.0,98.44180602171598,568.3860085925855
