CO2,LCOS,mu_CO2
6.344037015654453e-14,52.319373690035974,199.99638389304766
