CO2,LCOS,mu_CO2
0.0,36.73146514849386,105.26315789473685
