CO2,LCOS,mu_CO2
0.0,35.29067250941319,105.2631578947368
