CO2,LCOS,mu_CO2
220.4539019373734,39.68542493607371,-0.0
0.0,0.0,0.0
0.0,0.0,0.0
0.0,0.0,0.0
0.0,0.0,0.0
