CO2,LCOS,mu_CO2
6.344037015654453e-14,84.2309538536373,384.54389019310486
