CO2,LCOS,mu_CO2
0.0,34.57360455063274,105.26315789473685
