CO2,LCOS,mu_CO2
115.12793944468623,36.43076185389231,-0.0
0.0,0.0,0.0
0.0,0.0,0.0
0.0,0.0,0.0
0.0,0.0,0.0
