CO2,LCOS,mu_CO2
0.0,52.820238308511556,264.9266197917046
