CO2,LCOS,mu_CO2
316.6666666666667,45.66348552810122,-0.0
0.0,0.0,0.0
0.0,0.0,0.0
0.0,0.0,0.0
0.0,0.0,0.0
