CO2,LCOS,mu_CO2
0.0,48.25763977652612,222.66584968070336
