CO2,LCOS,mu_CO2
0.0,58.205820256284966,210.5263157894737
