CO2,LCOS,mu_CO2
0.0,36.97260660063781,105.26315789473685
