CO2,LCOS,mu_CO2
6.344037015654453e-14,79.43795000213633,327.67994880553124
