CO2,LCOS,mu_CO2
0.0,37.57267236295237,105.26315789473685
