CO2,LCOS,mu_CO2
0.0,33.611860004016265,105.26315789473685
