CO2,LCOS,mu_CO2
0.0,42.781560725818366,181.13628168097898
