CO2,LCOS,mu_CO2
0.0,36.16816186421542,105.26315789473685
