CO2,LCOS,mu_CO2
6.344037015654453e-14,68.54425668652746,333.6078550022988
