CO2,LCOS,mu_CO2
6.344037015654453e-14,54.043618517332895,259.945582645344
