CO2,LCOS,mu_CO2
6.344037015654453e-14,69.25637626895052,319.15445829753503
