CO2,LCOS,mu_CO2
6.344037015654453e-14,77.62971261359709,307.17965342065935
