CO2,LCOS,mu_CO2
0.0,35.142228702282026,105.26315789473685
