CO2,LCOS,mu_CO2
6.344037015654453e-14,90.56150649529789,449.5335698549138
