CO2,LCOS,mu_CO2
0.0,62.92553198417901,304.73156829749774
