CO2,LCOS,mu_CO2
0.0,39.01776062500128,156.3329181049004
