CO2,LCOS,mu_CO2
6.344037015654453e-14,78.13125582780506,330.4724049219845
