CO2,LCOS,mu_CO2
0.0,60.56788797682174,210.5263157894737
