CO2,LCOS,mu_CO2
6.344037015654453e-14,100.799075745181,727.2856063396175
