CO2,LCOS,mu_CO2
6.344037015654453e-14,77.62369347618711,304.2067499006565
