CO2,LCOS,mu_CO2
6.344037015654453e-14,38.97140995033919,166.47333971772417
