CO2,LCOS,mu_CO2
6.344037015654453e-14,84.22358784647052,408.5442894903939
