CO2,LCOS,mu_CO2
0.0,34.23228657726889,105.26315789473685
