CO2,LCOS,mu_CO2
6.344037015654453e-14,99.42301115130059,90.97748859390771
