CO2,LCOS,mu_CO2
0.0,32.52180755948645,152.01475297233856
