CO2,LCOS,mu_CO2
6.344037015654453e-14,98.90796290544515,90.97748859390771
