CO2,LCOS,mu_CO2
6.344037015654453e-14,62.92553198417007,304.7315682974931
