CO2,LCOS,mu_CO2
0.0,54.50255119649982,265.32071408549876
