CO2,LCOS,mu_CO2
0.0,54.043618517305504,259.945582645344
