CO2,LCOS,mu_CO2
0.0,35.26685590989634,248.25418703163947
