CO2,LCOS,mu_CO2
0.0,37.128313003701614,105.26315789473685
