CO2,LCOS,mu_CO2
6.344037015654453e-14,34.30529209635832,142.3034133988388
