CO2,LCOS,mu_CO2
0.0,34.5786343703451,105.2631578947368
