CO2,LCOS,mu_CO2
0.0,36.82717353582992,105.2631578947368
