CO2,LCOS,mu_CO2
0.0,91.21098354908682,90.97748859390772
