CO2,LCOS,mu_CO2
0.0,36.185486877698004,105.26315789473685
