CO2,LCOS,mu_CO2
6.344037015654453e-14,42.78156072581673,181.13628168097574
