CO2,LCOS,mu_CO2
0.0,38.08537042577717,105.26315789473685
