CO2,LCOS,mu_CO2
6.344037015654453e-14,39.01776062498564,156.3329181049011
