CO2,LCOS,mu_CO2
6.344037015654453e-14,37.608636866524535,4105.6532757286195
