CO2,LCOS,mu_CO2
6.344037015654453e-14,117.07341282634992,486.80888732950257
