CO2,LCOS,mu_CO2
6.344037015654453e-14,119.40178297267241,492.86889659580237
