CO2,LCOS,mu_CO2
0.0,33.969355161515324,167.66215577190835
