CO2,LCOS,mu_CO2
6.344037015654453e-14,62.54746479193568,290.5408198548988
