CO2,LCOS,mu_CO2
0.0,35.60737617010374,105.26315789473685
