CO2,LCOS,mu_CO2
0.0,36.10568794674437,105.26315789473685
