CO2,LCOS,mu_CO2
0.0,36.47400878515542,105.26315789473685
