CO2,LCOS,mu_CO2
234.76693302891937,41.448382031838605,-0.0
0.0,0.0,0.0
0.0,0.0,0.0
0.0,0.0,0.0
0.0,0.0,0.0
