CO2,LCOS,mu_CO2
0.0,84.23095385364181,384.54389019311384
