CO2,LCOS,mu_CO2
0.0,33.91339601568908,105.26315789473685
