CO2,LCOS,mu_CO2
6.344037015654453e-14,42.97465442095224,8774.239848520545
