CO2,LCOS,mu_CO2
57.6985635101972,31.741123704679268,-0.0
0.0,0.0,0.0
0.0,0.0,0.0
0.0,0.0,0.0
0.0,0.0,0.0
