CO2,LCOS,mu_CO2
6.344037015654453e-14,89.90073382870277,444.26838384890215
