CO2,LCOS,mu_CO2
98.25639552056947,35.05568279431462,-0.0
0.0,0.0,0.0
0.0,0.0,0.0
0.0,0.0,0.0
0.0,0.0,0.0
