CO2,LCOS,mu_CO2
6.344037015654453e-14,59.24500493170595,227.986645337172
