CO2,LCOS,mu_CO2
0.0,76.12512339399589,391.4379486286697
