CO2,LCOS,mu_CO2
6.344037015654453e-14,54.502551196535315,265.32071408549353
