CO2,LCOS,mu_CO2
0.0,34.737155156139266,175.82331106892386
