CO2,LCOS,mu_CO2
0.0,35.312893185031996,105.26315789473685
