CO2,LCOS,mu_CO2
0.0,35.20944423535517,236.67684687629503
