CO2,LCOS,mu_CO2
0.0,36.53476746338086,105.26315789473685
