CO2,LCOS,mu_CO2
0.0,35.90051367132888,105.26315789473685
