CO2,LCOS,mu_CO2
0.0,35.17099134620224,105.26315789473685
