CO2,LCOS,mu_CO2
0.0,38.144078120389466,105.26315789473685
