CO2,LCOS,mu_CO2
6.344037015654453e-14,33.91339601567699,105.26315789473684
